audio_filename,legend_filename,original_text,modified_text
AI_UI_SIN_0040,UI.TXT,"Aqui é Sinclair. Vocês demoraram demais aí, tive que desligar a energia desta instalação e pegar o último transporte. Não podemos manter o santuário aberto. Basta uma criatura entrar e todos os suprimentos e armas que pegamos não vão servir para nada. Eu e o meu grupo vamos ficar de fora até chegar o resgate. Sinto muito, mas quando começa a ir atrás de uma nave que nunca vai chegar, você saiu do plano. Sinclair desligando.","Aqui é Sinclair. Vocês demoraram demais ai, tive que desligar a energia desta instalação e pegar o último transporte. Não podemos manter o santuário aberto. Basta uma criatura entrar e todos os suprimentos e armas que pegamos não vão servir pra nada. Eu e o meu grupo vamos ficar de fora até chegar o resgate. Sinto muito, mas quando começa a ir atrás de uma nave que nunca vai chegar, você saiu do plano. Sinclair desligando."
A1_CUTSCENES_WAI_1371,CUTSCENES.TXT,"(Ruído)...Waits, Deputado Federal Colonial...(ruído)...Estação de Sevastopol... (ruído)... Situação complicada...(ruído)","...Waits, Delegado Federal Colonial...(ruído)...Estação de Sevastopol... (ruído)... Situação complicada...(ruído)"
A1_CUTSCENES_VER_C0800_0023,CUTSCENES.TXT,"Alô? Delegado? D-delegado, aqui é a Torrens. Pode repetir.","Alô? Delegado? D-delegado, aqui é a Torrens. Pode repetir?"
A1_CUTSCENES_WAI_1372,CUTSCENES.TXT,...,...Peça ajuda... Torrens... Estamos tentando controlar...
A1_M0401_RIP_8660,M0401.TXT,(grito de alarme e desânimo),*remover*
A1_M0401_RIP_8660_ALT,M0401.TXT,(grito de alarme e desânimo),*remover*
A1_M0401_RIP_3000,M0401.TXT,(Suspiro de susto),*remover*
A1_M0401_RIP_3000_ALT,M0401.TXT,(Suspiro de susto),*remover*
A1_M0401_RIP_3000_ALT2,M0401.TXT,(Suspiro de susto),*remover*
A1_M0401_RIP_5652,M0401.TXT,(suspiro de susto),*remover*
A1_M0401_AXE_1096,M0401.TXT,"Vamos, meu amor. A Seegson Comunicações fica na Torre SysTech. É meio longe, mas podemos chegar a um transporte pela área de Frete.\n(pausa)\nMas tenha cuidado. Podemos enfrentar vários tipos de problemas lá. Certo?","Vamos, meu amor. A Seegson Comunicações fica na Torre SysTech. É meio longe, mas podemos chegar a um transporte pela área de Frete.\nMas tenha cuidado. Podemos enfrentar vários tipos de problemas lá. Certo?"
A1_M0401_CV5_1381,M0401.TXT,Me - me desculpe. Boa sorte.,Me-me desculpe. Boa sorte.
A1_M0401_RIP_9611,M0401.TXT,Que diabo foi aquilo? Por que você foi tão agressivo?,O que foi aquilo? Por que você foi tão agressivo?
A1_M0401_AXE_7316,M0401.TXT,Espero que essa nave sua seja de verdade.,Espero que essa sua nave seja de verdade.
A1_M0401_RIP_0330,M0401.TXT,"Tá, quando chegarmos à minha nave.\n(subitamente agressivo)\nPreciso saber o que está acontecendo. Agora mesmo, caralho.","Tá, quando chegarmos à minha nave.\nPreciso saber o que está acontecendo. Agora mesmo, caralho."
A1_M0401_RIP_9759,M0401.TXT,Que surpresa.,Que surpresa...
A1_M0401_AXE_7598,M0401.TXT,O que posso dizer? Meu mordomo está de férias. Pegue o que precisar. Vai saber quando você vai ter outra chance.,O que posso dizer? Meu mordomo está de férias. Pegue o que precisar. Vai saber quando você terá outra chance.
A1_M0401_AXE_0530,M0401.TXT,"Estou escondido aqui já faz uma semana esperando por uma nave. Esperando por você, acho.","Estou escondido aqui já faz uma semana esperando por uma nave. Esperando por você, eu acho..."
A1_M0401_AXE_8541,M0401.TXT,Pode ficar bem escuro por aqui. Você devia levar aquela lanterna ali.,Pode ficar bem escuro por aqui. Você devia levar aquela lanterna.
A1_M0401_AXE_6208,M0401.TXT,Não se esqueça de estocar pilhas.,Não esquece de estocar as pilhas.
A1_M0401_AXE_0560,M0401.TXT,"Só aqueles que querem continuar vivos, meu amor.","Só aqueles que querem continuar vivos, amor."
A1_M0401_AXE_1406,M0401.TXT,"Torrens é o nome da sua nave, hein?","Torrens é o nome da sua nave, né?"
A1_M0401_CV2_0998,M0401.TXT,Chefe? Ele é uma droga de balconista.,Chefe? Ela é uma droga de balconista.
A1_M0401_CV2_1010,M0401.TXT,"Olha, eu só tó dizendo quê...","Olha, eu só tó dizendo que..."
A1_M0401_AXE_3352,M0401.TXT,Me siga.,Me segue.
A1_M0401_AXE_8628,M0401.TXT,*Golpeado por trás*,*remover*
A1_M0401_AXE_9868,M0401.TXT,*Gemido confuso*,*remover*
A1_CUTSCENES_AXE_C1200_0014,CUTSCENES.TXT,[som balbuciante],*remover*
AI_UI_CHI_0002,UI.TXT,"Mensagem para o Delegado Federal Waits. Aqui é o Chefe do Suporte Técnico. Olha, não tem nada nesta caixa-preta, Waits. Nós violamos sabe-se lá quantos acordos de confidencialidade e não conseguimos nada... nada além do logotipo da Weyland-Yutani e nada no leitor. Veja, essas coisas são projetadas para durar. Então, ou alguém a bordo da 'Nostromo' pediu que o núcleo-MÃE apagasse os dados ou eles foram corrompidos antes de chegar aqui. Você pode me dizer por que este trabalho era prioridade?","Mensagem para o Delegado Federal Waits. Aqui é o Chefe do Suporte Técnico. Olha, não tem nada nesta caixa-preta, Waits. Nós violamos sabe-se lá quantos acordos de confidencialidade e não conseguimos nada... nada além do logotipo da Weyland-Yutani e nada no leitor. Veja, essas coisas são projetadas para durar. Então, ou alguém a bordo da 'Nostromo' pediu que o núcleo-MÃE apagasse ou os dados foram corrompidos antes de chegar aqui. Você pode me dizer por que este trabalho era prioridade?"
A1_M0701_RIP_0170,M0701.TXT,É uma emergência! Você não vê o que tá acontecendo?,É uma emergência! Você não vê o que tá acontecendo?!
A1_M0701_VER_5927,M0701.TXT,"Aqui é Verlaine, da Torrens. Que diabos aconteceu? Sevastopol? Alguém da nossa equipe em trajes espaciais chegou a bordo? Por favor, responda. Sofremos danos com a explosão e vamos sair do espaço da Sevastopol. Os sistemas cairão durante os reparos. Não sei dizer por quanto... (estática)","Aqui é Verlaine, da Torrens. Que diabos aconteceu? Sevastopol? Alguém da nossa equipe em trajes espaciais chegou a bordo? Por favor, responda. Sofremos danos com a explosão e vamos sair do espaço da Sevastopol. Os sistemas cairão durante os reparos. Não sei dizer por quanto-"
A1_CUTSCENES_SAM_C1500_0009,CUTSCENES.TXT,"Ripley, espera aí! Uma.. criatura?","Ripley, espera aí! Uma... criatura?"
AI_UI_TAY_1115,UI.TXT,"Sevastopol, aqui é Nina Taylor, Administradora Executiva da Weyland-Yutani, confirmando o recebimento da sua transmissão. Sou membro da equipe designada para coletar a caixa-preta da Nostromo. A caixa-preta em suas mãos é de importância primária para a Weyland Yutani. Pelos acordos corporativos existente, devemos lembrá-los que vocês não devem ler seu conteúdo, nem revelar sua presença a terceiros. Estaremos com vocês em breve. Uma mensagem privada para o Delegado Federal Waits virá em seguida.","Sevastopol, aqui é Nina Taylor, Administradora Executiva da Weyland-Yutani, confirmando o recebimento da sua transmissão. Sou membro da equipe designada para coletar a caixa-preta da Nostromo. A caixa-preta em suas mãos é de importância primária para a Weyland Yutani. Pelos acordos corporativos existentes, devemos lembrá-los que vocês não devem ler seu conteúdo, nem revelar sua presença a terceiros. Estaremos com vocês em breve. Uma mensagem privada para o Delegado Federal Waits virá em seguida."
AI_UI_DAL_0010,UI.TXT,"Aqui é o Capitão Dallas, registrando relatório inicial na viagem de volta da nossa jornada a Thedus. Quando chegarmos em casa, quero uma reunião com um coordenador de expedição. Meu Oficial de Ciências habitual foi substituído sem nenhuma explicação. O substituto é mais que capaz, tenho certeza, mas receber apenas dois dias de aviso prévio para esse tipo de coisa é loucura. Eu só gostaria de uma explicação. Estaremos prontos para a nossa carga quando recebermos a comunicação. Dallas, Capitão da Nostromo, desligando.","Aqui é o Capitão Dallas, registrando relatório inicial na viagem de volta da nossa jornada a Thedus. Quando chegarmos em casa, quero uma reunião com um coordenador da expedição. Meu Oficial de Ciências habitual foi substituído sem nenhuma explicação. O substituto é mais que capaz, tenho certeza, mas receber apenas dois dias de aviso prévio para esse tipo de coisa é loucura. Eu só gostaria de uma explicação. Estaremos prontos para a nossa carga quando recebermos a comunicação. Dallas, Capitão da Nostromo, desligando."
A1_M0901_SAM_4671,M0901.TXT,Vou tentar consertar o amplificador de rádio.\n(pausa)\nE se essa... 'criatura' aparecer?,Vou tentar consertar o amplificador de rádio.\nE se essa... 'criatura' aparecer?
A1_M0901_SGF_4540,M0901.TXT,Detectada violação de segurança não autorizada. Todo transporte foi desativado por ordem de APOLLO,Detectada violação de segurança não autorizada. Todo transporte foi desativado por ordem de APOLLO.
A1_M0901_KUH_4739,M0901.TXT,Eu estou ouvindo. Espere.,"Não eu estou ouvindo, espere."
A1_M0902_KUH_0150,M0902.TXT,'Nós?' Eu pareço estar bem?,'Nós?' Eu pareço estar tão bem?
A1_M0902_KUH_3498,M0902.TXT,"Vamos. Vamos trabalhar juntos, hein? (tosse) Benefício mútuo.","Vamos. Vamos trabalhar juntos, hein? Benefício mútuo."
A1_M0902_KUH_4683,M0902.TXT,Gritos,*remover*
A1_M1001_SAM_8987,M1001.TXT,"É o único jeito de passar. [pausa] Ripley, esse é um hospital público. Deve ter um procedimento de retirada.","É o único jeito de passar. Ripley, esse é um hospital público, deve ter um procedimento de retirada."
A1_M1101_CV3_0090,M1101.TXT,Onde procuramos.,Onde procuramos?
A1_M1101_CV4_0110,M1101.TXT,Ele tá DOIDO?,Ele tá doido?!
A1_M1101_CV3_0140,M1101.TXT,Certo. Francis desligando. [pausa] Imbecil.,Certo. Francis desligando. Imbecil.
A1_M1201_WAI_4998,M1201.TXT,"Precisamos do transporte para chegar ao QG, mas está fechado. O controle de transporte fica lá em cima. Samuels diz que você é engenheira. Vá fazer algo de útil. Você estragou a armadilha.","Precisamos do transporte para chegar ao QG, mas está fechado. O controle do transporte fica lá em cima. Samuels diz que você é engenheira. Vá fazer algo de útil, já que você estragou a armadilha."
A1_M1201_RIP_0120,M1201.TXT,Tó ótima,Tô ótima.
A1_G0002_AN1_SW_D,M1201.TXT,Humm.,*remover*
A1_M1202_WAI_6741,M1202.TXT,Preparando nosso próximo passo.,Preparando o próximo passo.
A1_M1202_WAI_7958,M1202.TXT,"Olhe, estou ocupado. Prendi Marlow nas celas - o vagabundo que apareceu com a sua caixa-preta.","Olha, estou ocupado. Prendi Marlow nas celas - o vagabundo que apareceu com a sua caixa-preta."
A1_M1202_MAR_2425,M1202.TXT,Está aqui pela sua caixa vazia. Tenho que admitir que vocês são espertos.,Está aqui pela sua caixa vazia? Tenho que admitir que vocês são espertos.
A1_M1202_RIP_1203,M1202.TXT,Tó aqui por motivos pessoais. Minha mãe tava na Nostromo quando desapareceu há quinze anos.,Tô aqui por motivos pessoais. Minha mãe tava na Nostromo quando desapareceu há quinze anos.
A1_M1202_MAR_9878,M1202.TXT,"Está falando sério? Merda. Bem... Merda. (se recompõe) Nunca encontramos a nave dela, Ripley. Só a caixa-preta.","Está falando sério? Merda. Bem... Merda. Nunca encontramos a nave dela, Ripley. Só a caixa-preta."
A1_M1202_MAR_7223,M1202.TXT,"Preciso sair daqui, Ripley. Talvez possamos fazer um acordo?","Preciso sair daqui, Ripley. Talvez possamos fazer um acordo."
A1_M1301_MEE_9761,M1301.TXT,(dá risada com a resposta da Foster),Ha ha ha ha!
A1_M1301_MAR_4212,M1301.TXT,O seu palpite vale tanto quanto o meu. E eu achei que você adorava esse tipo de coisa?,O seu palpite vale tanto quanto o meu. Achei que você adorava esse tipo de coisa.
A1_M1301_HEY_1955,M1301.TXT,Marlow? Os explosivos não vão destruir isso.,Marlow?! Os explosivos não vão destruir isso.
A1_M1301_MAR_4038,M1301.TXT,Vou precisar de uma carona.,Precisarei de uma carona.
A1_M1301_MAR_0935,M1301.TXT,(respiração pesada),*remover*
A1_M1302_MAR_0110,M1302.TXT,Cuidado com o que toca. Não quero danificar nada.,Cuidado com o que toca. Eu não quero danificar nada.
A1_M1302_FOS_2990,M1302.TXT,Quantos anos você acha que isso tem?,Que demais! Quantos anos você acha que isso tem?
A1_M1302_MEE_0140,M1302.TXT,"Então, isto seria uma nave.",Então isso seria uma nave.
A1_M1302_HEY_2453,M1302.TXT,"Ah-ah, acho que encontramos o nosso prêmio!","Ha-ha, acho que encontramos o nosso prêmio!"
A1_M1302_MAR_0240,M1302.TXT,"Então, vamos levar o que der e voltar depois. Vasculhe o local, veja o que mais tem aqui.","Vamos levar o que der e voltar depois. Vasculhe o local, veja o que mais tem aqui."
A1_M1302_FOS_0370,M1302.TXT,Talvez tenham abandonado a nave e pousado aqui.,Acho que abandonaram a nave e pousaram aqui.
A1_M1302_MEE_3547,M1302.TXT,Se segure.,Esse lugar continua cheio de surpresas. Se segura!
A1_M1302_FOS_6978,M1302.TXT,Aqui!,Por aqui!
A1_M1401_RIC_1344,M1401.TXT,"Waits, meu console na Torre SysTech acendeu como árvore de Natal. Ele tá aqui.","Waits, meu console na Torre SysTech acendeu como uma árvore de Natal. Ele tá aqui."
A1_M1401_WAI_6740,M1401.TXT,"Certo, por aqui. Tem algo aqui que você vai precisar.","Tá bom, por aqui. Tem uma coisa aqui que você vai precisar."
A1_M1401_WAI_8851,M1401.TXT,Aquilo é um animal. Animais têm medo de fogo.,É um animal. Animais têm medo de fogo.
A1_M1401_WAI_7815,M1401.TXT,"Ricardo está indo na sua frente. Enviei seu amigo Samuels para o Processamento de Androides. Assim que essa coisa morrer, vou fazê-lo acessar Apollo e suspender o confinamento.","Ricardo está indo na sua frente. Enviei seu amigo Samuels para o Processamento de Androides. Assim que essa coisa morrer, vou fazê-lo acessar APOLLO e suspender o confinamento."
AI_UI_ASH_0010,UI.TXT,"Registro inicial do Oficial de Ciências. Fui estabelecido a bordo da Nostromo. Toda a papelada relevante foi assinada e eu tenho acesso ao mainframe MU-TH-UR 6000 da nave. O Capitão Dallas e o Imediato parecem... incomodados com a minha presença, mas isso talvez já fosse esperado. Tudo que resta é torcer por uma jornada produtiva. Ash desligando.","Registro inicial do Oficial de Ciências. Fui estabelecido a bordo da Nostromo. Toda a papelada relevante foi assinada e eu tenho acesso ao mainframe MU-TH-UR 6000 da nave. O Capitão Dallas e o Imediato parecem... incomodados com a minha aparência, mas isso talvez já fosse esperado. Tudo que resta é torcer por uma jornada produtiva. Ash desligando."
A1_M1402_CV1_5264,M1402.TXT,Explodiu alguma coisa aí atrás?,Explodiu alguma coisa ai atrás?
A1_M1402_WAI_3581,M1402.TXT,Certo.,Tá bom.
A1_M1402_RIC_4180,M1402.TXT,Espere um minuto.,Espera um minuto.
A1_M1402_WAI_9268,M1402.TXT,"O que acha que está fazendo, Ricardo? Conserte!","O que está fazendo, Ricardo? Conserte!"
A1_M1402_WAI_1901,M1402.TXT,"Como você conseguiu abrir de novo, Ricardo?","Ricardo, como você conseguiu abrir de novo?"
A1_M1402_WAI_6604,M1402.TXT,Você deixou ele sair? A gente tinha ele preso e você deixou sair?,Deixou ele sair? A gente tinha ele preso e você deixou sair?!
A1_M1403_WAI_6956,M1403.TXT,"Encontre o terminal de controle que deixaram para o zelador sintético. Está em um depósito logo em frente. E, pelo amor de Deus, faça isso em silêncio.","Encontre o terminal de controle que deixaram para o zelador sintético. Está em um depósito logo em frente. E, pelo amor de Deus, faça silêncio."
A1_M1404_WAI_9190,M1404.TXT,Ele ainda está atrás de você?,Ainda está atrás de você?
A1_M1404_WAI_6175,M1404.TXT,Eu tenho um plano. Vá para os laboratórios.,Tenho um plano. Vá para os laboratórios.
AI_UI_RAN_7676,UI.TXT,"Aqui é Ransome, executivo da Seegson. Estou enviando algumas amostras para investigação. Quero o menor número de funcionários envolvidos nisso. Mantenha segredo e se reporte apenas a mim. Se isso vazar, vou me certificar de que sua carreira morra com Sevastopol. Existem muitas inconsistências nos livros da Gemini. Faça um bom trabalho e me lembrarei de você. Seja lá o que estiver desviando, vai parecer trocado. Seja inteligente.","Aqui é Ransome, executivo da Seegson. Estou enviando algumas amostras para investigação. Quero o menor número de funcionários envolvidos nisso. Mantenha segredo e se reporte apenas a mim. Se isso vazar, vou me certificar de que sua carreira morra em Sevastopol. Existem muitas inconsistências nos livros da Gemini. Faça um bom trabalho e me lembrarei de você. Seja lá o que estiver desviando, vai parecer trocado. Seja inteligente."
A1_M1404_WAI_2888,M1404.TXT,O laboratório pode ser separado da estação principal. Reative o lugar e os sistemas poderão ser reconectados.,O laboratório pode ser separado da estação. Reative-o e os sistemas poderão ser reconectados.
A1_M1601_RIP_4290,M1601.TXT,Não graças a Waits.,Não graças ao Waits.
AI_UI_JUL_2629,UI.TXT,"(Limpa a garganta)Eu.. Eu não sei quando alguém receberá isso, mas alguém precisa registrar e eu não sei... (limpa a garganta de novo). Eu cheguei aqui há alguns meses pra escrever sobre o colapso de um sonho, um futuro arruinado. Pra mim, as pessoas daqui eram pouco mais que notas de rodapé para o meu artigo, algo pra manipular emoções. (com sarcasmo) E quando começaram os desaparecimentos, oh, eu fiquei entusiasmada. Isso era algo grande. Mas agora, as pessoas estão com medo e um defeito nas comunicações nos deixou sozinhos. Eu estou presa aqui, como todos os outros. Mais uma nota de rodapé. Mais uma vítima.","Eu... Eu não sei quando alguém receberá isso, mas alguém precisa registrar e eu não sei... Eu cheguei aqui há alguns meses pra escrever sobre o colapso de um sonho, um futuro arruinado. Pra mim, as pessoas daqui eram pouco mais que notas de rodapé para o meu artigo, algo pra manipular emoções. E quando começaram os desaparecimentos, eu fiquei entusiasmada. Isso era algo grande. Mas agora, as pessoas estão com medo e um defeito nas comunicações nos deixou sozinhos. Eu estou presa aqui, como todos os outros. Mais uma nota de rodapé. Mais uma vítima."
A1_M1602_WAI_5809,M1602.TXT,Não sei.,Eu não sei.
A1_M1602_WAI_4178,M1602.TXT,Eu não sei o que é isso. Eles não estão respondendo às violações de invasão. Parece que estão... caçando.,Eu não sei o que é isso. Eles não estão respondendo às violações de invasão. Parece que estão... Caçando.
A1_M1602_WAI_5430,M1602.TXT,Tudo e todos.,Por tudo e todos.
A1_M1602_WAI_7419,M1602.TXT,seus desgraçados... (mais barulhos horríveis e um grito terrível e transtornado dele ao morrer),Seus desgraçados...
A1_M1602_RIC_1289,M1602.TXT,N-não.. Não,N-não... Não
A1_M1602_RIP_9669,M1602.TXT,"Ricardo, preciso que faça isso. Você pode operar a estação e me manter informada?\n(pausa)\nRicardo?","Ricardo, preciso que faça isso. Você pode operar a estação e me manter informada?
Ricardo?"
A1_M2101_RIC_5838,M2101.TXT,"Vejo atividade nos terminais dos níveis superiores dos Sintéticos Seegson. (pausa) Rip, eu não sei se consigo fazer isso.","Vejo atividade nos terminais dos níveis superiores dos Sintéticos Seegson. Rip, eu não sei se eu consigo fazer isso."
A1_M2101_RIP_3471,M2101.TXT,"Ricardo, preciso que se concentre. Você está no comando, agora.","Ricardo, preciso que se concentre. Você está no comando agora."
AI_UI_PAR_0010,UI.TXT,"Ripley me pediu pra registrar um relatório sobre o que aconteceu com o cabo umbilical quando nós conectamos com a refinaria. Vou dizer o que aconteceu: eu e Brett,  estamos segurando este lugar com as próprias mãos. Você imaginaria que milhões de toneladas de minérios fossem o bastante para trazer alguém do convés superior, alguém que vai receber uma participação, aqui com a gente. Apenas para conferir o que precisamos. Você quer sair do sistema dentro do prazo da próxima vez? Coloque a Nostromo em doca seca por um mês, espere até que a gente termine o serviço e pague o que nos é devido. Parker desligando.","Ripley me pediu pra registrar um relatório sobre o que aconteceu com o cabo umbilical quando nós conectamos com a refinaria. Vou dizer o que aconteceu: eu e Brett estamos segurando este lugar com as próprias mãos. Você imaginaria que milhões de toneladas de minérios fossem o bastante para trazer alguém do convés superior, alguém que vai receber uma participação, aqui com a gente. Apenas para conferir o que precisamos. Você quer sair do sistema dentro do prazo da próxima vez? Coloque a Nostromo em doca seca por um mês, espere até que a gente termine o serviço e pague o que nos é devido. Parker desligando."
A1_M2102_RIP_0955,M2102.TXT,Tó aqui. Parece o lugar onde os sintéticos vão para morrer.,Tô aqui. Parece o lugar onde os sintéticos vão para morrer.
AI_UI_RAN_7496,UI.TXT,"Aqui é o Executivo da Seegson Ransome falando. Eu acordei e encontrei um trabalhador sintético na minha suíte. Quando perguntei que diabos estava fazendo, ele avançou. Tive que sair do meu próprio apartamento! Mande seus melhores técnicos para o Núcleo do APOLLO e descubra que diabos está acontecendo agora! Quero essas coisas sob controle e quero um relatório completo o mais rápido possível.","Aqui é o Executivo da Seegson, Ransome falando. Eu acordei e encontrei um trabalhador sintético na minha suíte. Quando perguntei o que ele estava fazendo, ele avançou. Eu tive que sair do meu próprio apartamento! Mande seus melhores técnicos para o núcleo do APOLLO e descubra o que está acontecendo agora! Eu quero essas coisas sob controle e quero um relatório completo o mais rápido possível."
A1_M2102_SAM_0965,M2102.TXT,Eu preciso ter acesso ao APOLLO. Abra o transporte da torre imediatamente.,Preciso ter acesso ao APOLLO. Abra o transporte da torre imediatamente.
A1_M2102_SAM_0975,M2102.TXT,Certo. Tenho que achar um jeito de conversar diretamente com o APOLLO.,Certo. Tenho que achar um jeito de conversar direto com o APOLLO.
A1_M2102_SAM_5714,M2102.TXT,"O APOLLO está tentando impedir a minha interação! [pausa] Oh, não, Amanda! Você precisa desconectar os sistemas manualmente! Por favor!","O APOLLO está tentando impedir a minha interação! Oh, não, Amanda! Você precisa desconectar os sistemas manualmente! Por favor!"
A1_M2102_RIP_2661,M2102.TXT,Jesus! Samuels! Eu vou tentar!,"Jesus, Samuels! Eu vou tentar!"
A1_M2102_SAM_4902,M2102.TXT,"ESPERE! Você precisa fazer isso na ordem correta ou o efeito cascata será fatal para mim. Estou acessando os diagramas da Seegson. (pausa curta) Primeiro, remova o cabo vermelho.","ESPERE! Você precisa fazer isso na ordem correta ou o efeito cascata será fatal para mim. Estou acessando os diagramas da Seegson.
Primeiro, remova o cabo vermelho."
A1_M2102_SAM_8271,M2102.TXT,"Só falta o último agora, Ripley.","Agora, só falta o último, Ripley."
A1_M2102_RIP_9486,M2102.TXT,Samuels.,Samuels...
A1_M2102_SAM_2225,M2102.TXT,Eu queria que a Amanda Ripley tivesse as respostas...,Eu queria que Amanda Ripley tivesse as respostas...
A1_M2102_RIC_3682,M2102.TXT,[pausa] Eu tó aqui. Tó aqui. Desculpa.,Eu tô aqui. Tô aqui. Desculpa.
A1_M2102_TAY_5036,M2102.TXT,Mas que merda?,Mas o quê?!
AI_UI_CHI_0010,UI.TXT,"Ei, é o Chefe. Tem algo errado com os seus sintéticos. A equipe que eu pedi para desmontar os ativos na habitação inferior simplesmente parou. Falaram algo sobre uma ordem de Contenção de Risco, tentaram entrar na minha cabine de controle e depois foram embora. Sei que eu sempre reclamo desses carecas assustadores, mas desta vez tenho provas de que estão com defeito. Tenho uma reunião com o seu chefe Spedding amanhã e vou mandar bronca. E quando a bronca chegar a você... bem, lembre-se que está vindo de mim.","Ei, é o Chefe. Tem algo errado com os seus sintéticos. A equipe que eu pedi para desmontar os ativos na habitação inferior simplesmente parou. Falaram algo sobre uma ordem de Contenção de Risco, tentaram entrar na minha cabine de controle e depois foram embora. Eu sei que eu sempre reclamo desses carecas assustadores, mas desta vez eu tenho provas de que estão com defeito. Tenho uma reunião com o seu chefe Spedding amanhã e vou mandar bronca. E quando a bronca chegar a você... bem, lembre-se que está vindo de mim."
A1_M2201_RIC_5605,M2201.TXT,Eu consegui os diagramas do APOLLO aqui. Parece que você pode chegar ao acesso pelo eixo da turbina,Eu consegui os diagramas do APOLLO aqui. Parece que você pode chegar ao acesso pelo eixo da turbina.
A1_M2201_RIC_1201,M2201.TXT,"Não consigo  te ouvir, Ripley. O sinal está fraco""","Eu não consigo te ouvir, Ripley. O sinal está fraco."
A1_M2201_RIP_4322,M2201.TXT,"Ricardo? (pausa) Pelo amor de... Se puder me ouvir, ache outra maneira de entrar em contato. Tem algo de errado com o meu fone.","Ricardo? Pelo amor de... Se puder me ouvir, ache outra maneira de entrar em contato. Tem algo de errado com o meu fone."
AI_UI_RAN_8606,UI.TXT,"Spedding, acabou de acontecer algo maluco. Sevastopol não está mais à venda. Temos um comprador. Semanas antes de começarem a destruir o lugar e eles voltaram atrás. Após aqueles tours e apresentações intermináveis, parece que as conversas não foram interrompidas. Alguém na sede da Companhia tinha apenas que bater o martelo. Uma mensagem de confirmação acabou de chegar. APOLLO está recebendo um novo pacote de regras operacionais. Então, acho que o acordo está fechado. Isso é informação confidencial apenas para a diretoria até ser anunciada aos acionistas. Isso é que é promoção, hein?","Spedding, acabou de acontecer uma coisa maluca. Sevastopol não está mais à venda. Temos um comprador. Semanas antes de começarem a destruir o lugar e eles voltaram atrás. Após aqueles tours e apresentações intermináveis, parece que as conversas não foram interrompidas. Alguém na sede da Companhia tinha apenas que bater o martelo. Uma mensagem de confirmação acabou de chegar. APOLLO está recebendo um novo pacote de regras operacionais. Então, eu acho que o acordo está fechado. Isso é informação confidencial apenas para a diretoria até ser anunciada aos acionistas. Isso é que é promoção, hein?"
AI_UI_RAN_6663,UI.TXT,"Aqui é Ransome, executivo da Seegson, em informe para a diretoria. Seus desgraçados. Eu fui leal e vocês, seus sovinas, me deixaram à própria sorte. Eu ia dar a vocês o achado do século. Estava disposto a arriscar a minha vida pela companhia. Poderia ter chamado uma equipe especial, capturado o espécime e todo mundo ia ficar contente. Mas o APOLLO cortou todas as comunicações. Nenhum dos técnicos no Núcleo do APOLLO está respondendo as minhas mensagens. Estamos todos morrendo aqui, seus desgraçados! Vocês estragaram tudo! Que vocês se danem e que a companhia se dane! Vão se ferrar!","Aqui é o Ransome, executivo da Seegson, em informe para a diretoria. Seus desgraçados. Eu fui leal e vocês, seus sovinas, me deixaram à própria sorte. Eu ia dar a vocês o achado do século. Estava disposto a arriscar a minha vida pela Companhia. Poderia ter chamado uma equipe especial, capturado o espécime e todo mundo ia ficar contente. Mas o APOLLO cortou todas as comunicações. Nenhum dos técnicos no Núcleo do APOLLO está respondendo as minhas mensagens. Estamos todos morrendo aqui, seus desgraçados! Vocês estragaram tudo! Que vocês se danem e que a Companhia se dane! Vão se ferrar!"
AI_UI_SPE_3227,UI.TXT,"Estou no APOLLO. Há... androides na porta. Não se sabe onde está o Ransome. Existem conflitos com a Violação da Contenção de Risco. Procedimentos de segurança sintéticos estão sendo contornados a torto e a direito. As comunicações estão off-line. Acho que isso foi aleatório, mas não tenho certeza. Oh, meu Deus, eles vão entrar. Diga à Suzanne que eu a amo.","Estou no APOLLO. Há... androides na porta. Não se sabe onde está o Ransome. Existem conflitos com a Violação da Contenção de Risco. Procedimentos de segurança sintéticos estão sendo contornados a torto e a direito. As comunicações estão off-line. Acho que isso foi aleatório, mas eu não tenho certeza. Oh, meu Deus, eles vão entrar. Diga à Suzanne que eu a amo."
A1_M2201_TEX_3263,M2201.TXT,"POR QUE, POR QUÊ?",WEYLAND-YUTANI?
A1_M2201_RIP_1538,M2201.TXT,Weyland-Yutani? Ists não tá certo.,Weyland-Yutani? Isso não tá certo.
A1_M2501_RIP_6655,M2501.TXT,"Desculpe, Ricardo, mas eu sou peixe pequeno. Eu, Samuels, Taylor... todos nós somos. Acho que se a gente valesse algo o Apollo não ia ter tanta gana pra nos matar.","Desculpe, Ricardo, mas eu sou peixe pequeno. Eu, Samuels, Taylor... todos nós somos. Acho que se a gente valesse algo o APOLLO não ia ter tanta gana pra nos matar."
AI_UI_CHI_0030,UI.TXT,"Aqui é o Chefe. Algo estranho está acontecendo. Os sintéticos estão com defeito, então, achei um pessoal para me ajudar. Eu mandei um deles à sala de produção, mas ele não voltou. Todas as portas estão trancadas e, com certeza, ele não caberia na ventilação de ar sem luta. Não sabemos o que fazer. Não parece certo continuar a trabalhar sem procurar por ele, mas não temos onde procurar. Nosso turno acabará logo. Vou relatar o incidente a Waits e aos Agentes Federais.","Aqui é o Chefe. Algo estranho está acontecendo. Os sintéticos estão com defeito, então, achei um pessoal para me ajudar. Eu mandei um deles à sala de produção, mas ele não voltou. Todas as portas estão trancadas e, com certeza, ele não caberia na ventilação de ar sem luta. Não sabemos o que fazer. Não parece certo continuar a trabalhar sem procurar por ele, mas não temos onde procurar. Nosso turno acabará logo. Eu vou relatar o incidente ao Waits e aos Agentes Federais."
A1_M2501_RIP_0350,M2501.TXT,Droga! (murmura) Tenho que sair daqui...,Droga! Tenho que sair daqui...
A1_M2501_RIP_0460,M2501.TXT,"Isto é o que vai acontecer. Há circuitos de extravasamento de emergência que alimentam energia excedente pra as baterias de condensadores locais de cada torre. Se eu desacoplar as baterias e descarregar o sistema, a limpeza será externa. O ninho fica bem na linha de tiro.","Isto é o que vai acontecer: há circuitos de extravasamento de emergência que alimentam energia excedente para as baterias de condensadores locais de cada torre. Se eu desacoplar as baterias e descarregar o sistema, a limpeza será extrema. O ninho fica bem na linha de tiro."
A1_M2501_RIP_4591,M2501.TXT,"Sobraram alguns na estação. (pausa) Merda, eu... sinto muito, Ricardo.","Sobraram alguns na estação. Merda, eu... sinto muito, Ricardo."
A1_M2501_RIC_4781,M2501.TXT,Espera. Rip. Tá acontecendo algo estranho.,"Espera, Rip. Tá acontecendo algo estranho."
A1_M2501_RIC_2187,M2501.TXT,"Preciso que você vá para a Instalação Médica, já. A limpeza do reator tá reiniciando os sistemas em toda Sevastopol. Luzes, transporte, talvez até as comunicações... acho que é a nossa grande chance. Vai. Agora. Acho que não temos muito tempo. Eu estou indo para as Comunicações.","Preciso que você vá para a Instalação Médica, já. A limpeza do reator tá reiniciando os sistemas em toda Sevastopol. Luzes, transportes, talvez até as comunicações... acho que é a nossa grande chance. Vai! Agora! Acho que não temos muito tempo. Eu tô indo para as Comunicações."
A1_M2701_RIC_7188,M2701.TXT,"Estou aqui, mas cheguei tarde demais.  O APOLLO se recuperou da limpeza do reator e restringiu as comunicações externas de novo.","Tô aqui, mas cheguei tarde demais. O APOLLO se recuperou da limpeza do reator e restringiu as comunicações externas de novo."
A1_M2701_RIC_5473,M2701.TXT,"Não, mas está em uma posição de espera por perto. Vá pra a área da ambulância. Os transportadores não têm alcance longo, mas vão conseguir.","Não, mas tá em uma posição de espera por perto. Vá para a área da ambulância. Os transportadores não têm alcance longo, mas vão conseguir."
A1_M2702_RIP_4990,M2702.TXT,...,*remover*
AI_UI_FOS_9668,UI.TXT,"Acho que interrompemos a nossa série de azar. Estávamos apenas sobrevivendo nos últimos anos, e a Anesidora estava começando a parecer com os destroços dos nossos salvamentos. Não se pode dizer que a tripulação esteja melhor. Mas encontramos aquela caixa-preta. Pertence a uma nave, a Nostromo. Propriedade da Weyland-Yutani. Isso significa que haverá uma recompensa. Mas o Marlow teve uma ideia ainda melhor: extrapolar a rota da caixa-preta para tentar encontrar os destroços da Nostromo. Tivemos sorte, achamos um sinal de socorro que agora estamos seguindo. É isso. Consigo sentir em meus ossos. Ele sempre disse que faria o melhor por mim.","Acho que quebramos a nossa série de azar. Estávamos sobrevivendo por pouco nos últimos anos, e a Anesidora está começando a parecer com os destroços dos nossos salvamentos. Não se pode dizer que a tripulação esteja melhor. Mas encontramos aquela caixa-preta. Pertence a uma nave, a Nostromo. Propriedade da Weyland-Yutani. Isso significa que haverá uma recompensa. Mas o Marlow teve uma ideia ainda melhor: extrapolar a rota da caixa-preta para tentar encontrar os destroços da Nostromo. Tivemos sorte, achamos um sinal de socorro que agora estamos seguindo. É isso. Consigo sentir em meus ossos. Ele sempre disse que faria o melhor por mim."
A1_M2702_TAY_1268,M2702.TXT,"Ripley? O Marlow me enganou! Ele disse que ia me dar todos os dados que tivesse sobre a criatura para eu poder levar para a Companhia, mas ele... (abafada, empurrada)","Ripley? O Marlow me enganou! Ele disse que ia me dar todos os dados que tivesse sobre a criatura para eu poder levar para a Companhia, mas ele..."
A1_M2702_MAR_3668,M2702.TXT,"Venha me encontrar, Ripley. Eu tenho uma coisinha para você.","Venha me encontrar, Ripley. Tenho uma coisinha para você."
AI_UI_WAI_7674,UI.TXT,"Anesidora, aqui é o Delegado Federal Waits de Sevastopol. Oficialmente, devo negar seu pedido para acoplagem. Sevastopol está sendo desativada e não posso comprometer a segurança para naves não programadas. Mas... em vista da propriedade que você encontrou, permitirei que alguns dos seus tripulantes se acoplem por meio de um transportador de curtas distâncias. Devo lembrar que Sevastopol tem direito a uma porcentagem de qualquer recompensa pela propriedade em questão, assim que entrar na estação. Aguardo a sua decisão. Waits desligando.","Anesidora, aqui é o Delegado Federal Waits de Sevastopol. Oficialmente, devo negar o seu pedido para acoplagem. Sevastopol está sendo desativada e não posso comprometer a segurança para naves não programadas. Mas... em vista da propriedade que você encontrou, permitirei que alguns dos seus tripulantes se acoplem por meio de um transportador de curtas distâncias. Devo lembrar que Sevastopol tem direito a uma porcentagem de qualquer recompensa pela propriedade em questão, assim que entrar na estação. Aguardo a sua decisão. Waits desligando."
A1_M2702_MAR_2495,M2702.TXT,Foi uma burrice minha. Burrice.,Foi uma burrice minha. Burrice...
A1_M2702_ELL_1796,M2702.TXT,"Encontramos... Uma criatura alienígena, ela era muito perigosa e o único jeito de detê-la era destruir a nave.","Nós encontramos... Uma criatura alienígena, ela era muito perigosa e o único jeito de detê-la era destruir a nave."
A1_M2702_MAR_8397,M2702.TXT,"Vai aniquilar qualquer rastro daquela criatura. Ripley, é o único jeito. Não posso deixar ele viver. E eu não vou deixar a Companhia ficar com ele ou eles vão começar tudo isso de novo.","Vai aniquilar qualquer rastro daquela criatura. Ripley, é o único jeito. Não posso deixar ele viver. Eu não vou deixar a Companhia ficar com ele ou eles vão começar tudo isso de novo."
A1_M2702_MAR_9235,M2702.TXT,"Você ouviu o que a sua mãe fez. Ela entendeu. Se ela estivesse aqui, estaria me ajudando.","Você ouviu o que a sua mãe fez. Ela entendeu. Se ela estivesse aqui, ela me ajudaria."
A1_M2702_MAR_3087,M2702.TXT,Acha que ela ia querer que os executivos da Companhia soubessem o endereço dessa criatura? Ninguém deve saber.,Acha que gostaria que os executivos soubessem o endereço dessa criatura? Ninguém deve saber.
A1_M2702_RIP_3886,M2702.TXT,Eu preciso de energia no gerador auxiliar. Procure as letras AUX.,Preciso de energia no gerador auxiliar. Procure as letras AUX.
A1_M3001_RIC_3951,M3001.TXT,"Ripley, a explosão da Anesidora derrubou os estabilizadores orbitais. Estamos prestes a cair.","Ripley, a explosão da Anesidora derrubou os estabilizadores orbitais. Estamos prestes a cair!"
AI_UI_BRE_0010,UI.TXT,"Certo. Terminando aqui. Kane me perguntou se podíamos dar um jeito de acionar o aquecedor antes de a gente sair das geladeiras. Parker disse que sem chance, não é nossa função. Da próxima vez eles vão pedir toalhas com suas iniciais e uma massagem. Então, não fizemos isso e os avisamos. Brett, câmbio e desligo.","Tá bom. Terminando aqui. Kane me perguntou se podíamos dar um jeito de adicionar o aquecedor antes da gente sair das geladeiras. Parker disse que sem chance, não é nossa função. Da próxima vez eles vão pedir toalhas com suas iniciais e uma massagem. Então, não fizemos isso e os avisamos. Brett, câmbio e desligo."
AI_UI_WAI_3331,UI.TXT,"Dr.Morley, aqui é o Delegado Federal Waits. Certifique-se de que seus pacientes estejam preparados para a desativação. Isso significa documentação completa, pertences pessoais e qualquer medicamento que precisem durante a viagem. Estou programando mensageiros para transferi-los à nave médica para transporte. Recomendo que coloque os pacientes mais instáveis em hibernação antes do transporte. Não quero ouvir suas reclamações. Não tenho pessoal suficiente para garantir a proteção de todos, caso algum deles decida dar chilique. Remédios ou hibernação, não importa. Só os faça ficarem calmos. E é assim que tem que ser. Waits desligando.","Dr. Morley, aqui é o Delegado Federal Waits. Certifique-se de que seus pacientes estejam preparados para a desativação. Isso significa documentação completa, pertences pessoais e qualquer medicamento que precisem durante a viagem. Estou programando mensageiros para transferi-los à nave médica para transporte. Recomendo que coloque os pacientes mais instáveis em hibernação antes do transporte. Não quero ouvir suas reclamações. Não tenho pessoal suficiente para garantir a proteção de todos, caso algum deles decida dar chilique. Remédios ou hibernação, não importa. Só os faça ficarem calmos. E é assim que tem que ser. Waits desligando."
AI_UI_MIK_0030,UI.TXT,"Anne, (tosse) me desculpe. Você tinha razão, nunca devia ter vindo. Diga à Beth e Heidi, (tosse) diga que eu as amo mais que tudo. (gemidos de dor) Deus, como isso dói. Eu achei algo, Anne. Não sabia o que era, mas eu achei e agora isso me matou. E está matando todo mundo. Tenho que contar para alguém... tem que existir um registro. Fui tão estúpido, Anne. Deveria ter ficado com você. Eu queria... eu queria... (morre)","Anne, me desculpe. Você tinha razão, nunca devia ter vindo. Diga à Beth e a Heidi, diga que eu as amo mais que tudo. Deus, como isso dói. Eu achei algo, Anne. Não sabia o que era, mas eu achei e agora isso me matou. E está matando todo mundo. Tenho que contar para alguém... tem que existir um registro. Fui tão estúpido, Anne. Devia ter ficado com você. Eu queria... eu queria..."
AI_UI_TUR_0001,UI.TXT,"Harris? Aqui é Turner. Encontrei o último acoplador de energia. Demorou um pouco, mas já está desligado. Só estou ajustando a última trava de segurança. Venha me encontrar quando terminar sua parte. Então, podemos cair fora daqui. Meu Deus... Estou ouvindo barulhos em todo lugar. Todo rangido e... só termine logo essa droga, certo?","Harris? Aqui é o Turner. Encontrei o último acoplador de energia. Demorou um pouco, mas já está desligado. Só estou ajustando a última trava de segurança. Venha me encontrar quando terminar sua parte. Então, podemos cair fora daqui. Meu Deus... Estou ouvindo barulhos em todo lugar. Todo rangido e... só termine logo essa droga, tá?"
A1_M3001_SS2_7492,M3001.TXT,"Certo, certo...","Tá legal, tá legal..."
A1_M3001_VER_7582,M3001.TXT,"Eu vi uma plataforma de reboque abaixo do terminal de voo espacial, mas o cabo umbilical da Torrens não foi projetado para isso.","Vi uma plataforma de reboque abaixo do terminal de voo, mas o cabo umbilical da Torrens não foi feito pra isso."
A1_M3001_VER_4656,M3001.TXT,Você vai ter que estender as pinças da plataforma de reboque na estação.,Você terá que estender as pinças da plataforma de reboque na estação.
A1_M3001_RIP_2707,M3001.TXT,Ricardo? Responda?,Ricardo? Responda.
A1_M3201_VER_2719,M3201.TXT,"Torrens para Ripley. Ripley, estamos prestes a entrar em posição para a sequência de acoplagem do cabo umbilical. Vai ficar escuro nas Comunicações até atingirmos a órbita decadente da estação e entrarmos em posição. Estamos só esperando você para estender as pinças da plataforma de reboque. Não sei como você me convenceu a isso.",Torrens para Ripley. Estamos prestes a entrar em posição para a sequência de acoplagem do cabo umbilical. Vai ficar escuro nas Comunicações até atingirmos a órbita da estação e entrarmos em posição. Estamos esperando você para estender as pinças do reboque. Não sei como me convenceu a isso.
A1_M3201_SGF_1094,M3201.TXT,Falha do Estabilizador Orbital. Abandonar estação. Abandonar estação.,*remover*
A1_M3201_SGF_7334,M3201.TXT,Emergência. Vá para o seu ponto de retirada designado e aguarde pelo seu guarda de emergência sintético.,*remover*
A1_M3201_SGF_8721,M3201.TXT,Evacuar estação. Isso não é um treino.,*remover*
A1_M3201_SGF_1334,M3201.TXT,"Depois da retirada, NÃO volte para a estação até receber ordens nesse sentido pelo Diretor de Emergência Orbital.",*remover*
AI_UI_SIN_0050,UI.TXT,"Testamento de um idiota qualquer com quem você não se importa. Não conseguimos mantê-los do lado de fora. Minha esposa morreu. Meus filhos foram levados. Tentei, mas não consegui impedi-los. Eles quebraram nossas defesas. Tem... tem tanto sangue em minhas mãos. Isto é para a equipe de resgate, para a Seegson ou... sei lá... quem quer que tenha que limpar esta bagunça. Nós resistimos aqui o máximo que pudemos. Vocês não chegaram a tempo. Vocês fracassaram. Apenas mandem os marines ou detonem este lugar. Mandem essas criaturas de volta para o inferno.","Testamento de um idiota qualquer com quem você não se importa. Não conseguimos mantê-los do lado de fora. Minha esposa morreu. Meus filhos foram levados. Tentei, mas não consegui impedi-los. Eles quebraram nossas defesas. Tem... tem tanto sangue nas minhas mãos. Isto é para a equipe de resgate, para a Seegson ou... sei lá... quem quer que tenha que limpar essa bagunça. Nós resistimos aqui o máximo que pudemos. Vocês não chegaram a tempo. Vocês fracassaram. Apenas mandem os marines ou detonem este lugar. Mandem essas criaturas de volta para o inferno."
A1_M3301_RIP_0020,M3301.TXT,Verlaine! Tá me ouvindo? Você tá perto o bastante pra contato de rádio? Eu tó aqui!,Verlaine! Tá me ouvindo? Você tá perto o bastante pra contato de rádio? Eu tô aqui!
A1_M3301_VER_0025,M3301.TXT,"Ripley, graças a Deus! Preciso que você prepare os sistemas hidráulicos e de orientação para a acoplagem!","Ripley, graças a Deus, eu te ouço! Preciso que você prepare os sistemas hidráulicos e de orientação para a acoplagem."
A1_M3301_RIP_9693,M3301.TXT,"Merda! Verlaine, o cabo umbilical\nfoi removido. Já era.","Merda! Verlaine, o cabo umbilical foi removido. Já era."
A1_M3301_VER_9232,M3301.TXT,"Cuidado, Ripley.","Tenha cuidado, Ripley!"
A1_M3301_RIP_0305,M3301.TXT,(Ruído de esforço quando ela corre),*remover*
A1_M3301_VER_7536,M3301.TXT,Existem dois mecanismos de preparação para destravar o desengate manual.,Existem dois mecanismos pra destravar o desengate manual.
A1_M3301_RIP_1576,M3301.TXT,Estou vendo.,Tô vendo.
A1_M3401_RIP_5995,M3401.TXT,Verlaine? Estou a caminho da ponte de comando.,Verlaine? Tô a caminho da ponte de comando.
